date,num_comments,title,subreddit,URL
23-03-21,33158,GameStop Q4 Earnings Megathread <,wallstreetbets,http://www.reddit.com/r/wallstreetbets/comments/mblb7f/gamestop_q4_earnings_megathread/
22-04-21,2852,GameStop just filled the 14A,Superstonk,http://www.reddit.com/r/Superstonk/comments/mwfqma/gamestop_just_filled_the_14a/
20-04-21,1578,"I bet theres a huge majority of you out there, across the world, who are mostly silent on here, quietly hodling your GME and are completely impervious by any news (good or bad), any dramas within this or other subs, the DDs, the SEC rules, GameStop hires, lights on at 3am.",Superstonk,http://www.reddit.com/r/Superstonk/comments/murhr0/i_bet_theres_a_huge_majority_of_you_out_there/
13-04-21,1900,"Kevin O'Leary Live Now thinks a second kick of life is coming to GameStop, says ""If I was short that stock right now I would be worried""",wallstreetbets,http://www.reddit.com/r/wallstreetbets/comments/mq7fap/kevin_oleary_live_now_thinks_a_second_kick_of/
13-04-21,1950,"Gamestop paying off $216.4 Million (100%) in debt, which is due in 2023=<80>",Superstonk,http://www.reddit.com/r/Superstonk/comments/mqagjz/gamestop_paying_off_2164_million_100_in_debt/
28-03-21,2407,GameStop gear going to the new home at the Childrens hospital of Atlanta Monday. POWER TO THE PLAYERS !,wallstreetbets,http://www.reddit.com/r/wallstreetbets/comments/mf0msr/gamestop_gear_going_to_the_new_home_at_the/
12-04-21,1607,GAMESTOP HAS LAUNCHED A SEARCH FOR A NEW CEO =<80>=<80>=<80>,wallstreetbets,http://www.reddit.com/r/wallstreetbets/comments/mpizag/gamestop_has_launched_a_search_for_a_new_ceo/
05-04-21,1863,GameStop Announces Preliminary Sales Results for the First Nine Weeks of Fiscal 2021 Reflecting an Approximately 11% Increase Compared to the Prior Year Period,wallstreetbets,http://www.reddit.com/r/wallstreetbets/comments/mkh6uy/gamestop_announces_preliminary_sales_results_for/
27-03-21,1804,"Inspired by many others, I hit a few GameStops and got some Switchs, games, etc to donate to my local Childrens Hospital. Thanks WSB, we like the stock!",wallstreetbets,http://www.reddit.com/r/wallstreetbets/comments/meikve/inspired_by_many_others_i_hit_a_few_gamestops_and/
17-04-21,899,GAMESTOP REPLIED TO DFVs NEWEST TWEET,Superstonk,http://www.reddit.com/r/Superstonk/comments/msgf9a/gamestop_replied_to_dfvs_newest_tweet/
19-04-21,714,GameStop Announces Chief Executive Officer Succession Plan,wallstreetbets,http://www.reddit.com/r/wallstreetbets/comments/mtxbmn/gamestop_announces_chief_executive_officer/
20-04-21,614,Gamestop Deal of the Day 4/20.,Superstonk,http://www.reddit.com/r/Superstonk/comments/mumro7/gamestop_deal_of_the_day_420/
22-04-21,873,GameStop Released Their Proxy Statement and Guess What?,GME,http://www.reddit.com/r/GME/comments/mwh2pt/gamestop_released_their_proxy_statement_and_guess/
24-03-21,1580,Bought some nintendo switches from gamestop and donated them to the local children's hospital. GME to the moon!,wallstreetbets,http://www.reddit.com/r/wallstreetbets/comments/mce9h7/bought_some_nintendo_switches_from_gamestop_and/
14-04-21,931,"GameStop can now pay dividends, they do not need to wait until April 30th!",Superstonk,http://www.reddit.com/r/Superstonk/comments/mqh3ep/gamestop_can_now_pay_dividends_they_do_not_need/
23-03-21,2427,"OFFICIAL GAMESTOP SEC FILING ... SHORT SQUEEZE... MAY CONTINUE and ... to the extent aggregate short exposure EXCEEDS the number of shares available... investors WITH short exposure ""MAY HAVE TO PAY A PREMIUM""",GME,http://www.reddit.com/r/GME/comments/mbqdgv/official_gamestop_sec_filing_short_squeeze_may/
30-03-21,1228,GAMESTOP NAMES AMAZON'S ELLIOTT WILKE AS CHIEF GROWTH OFFICER =<80>=<80>=<80>=<80>=<80>,wallstreetbets,http://www.reddit.com/r/wallstreetbets/comments/mgd50x/gamestop_names_amazons_elliott_wilke_as_chief/
23-03-21,2301,Short Squeeze potential confirmed. Taken from GameStop's SEC filing. Page 15,wallstreetbets,http://www.reddit.com/r/wallstreetbets/comments/mbrcze/short_squeeze_potential_confirmed_taken_from/
30-03-21,1541,I design brands for a living. Here's what I'd do with GameStop:,GME,http://www.reddit.com/r/GME/comments/mglr2a/i_design_brands_for_a_living_heres_what_id_do/
04-04-21,1060,"I walked into what I was told is a ""GameStop test location."" Full tournament setup, tons of PC gaming stuff/parts for sale. Gaming lounge. BULLISH AF.",GME,http://www.reddit.com/r/GME/comments/mk0cb9/i_walked_into_what_i_was_told_is_a_gamestop_test/
27-01-21,100001,Keep pushing AMC we can move it like GameStop,WallStreetbetsELITE,http://www.reddit.com/r/WallStreetbetsELITE/comments/l6666t/keep_pushing_amc_we_can_move_it_like_gamestop/
23-04-21,555,*URGENT* Pay attention! There are FALSE PROXY VOTING sites being pushed here. Go to gamestop.com to find the correct one.,GME,http://www.reddit.com/r/GME/comments/mx0rb6/urgent_pay_attention_there_are_false_proxy_voting/
21-04-21,611,"Be prepared for AMC to ""squeeze"" before GME. It will be their last attempt to divide our attention. Whatever happens Gamestop is the one and only true play. Hold for your fellow apes! HOLD for DFV and RC! Hold for GameStop!",Superstonk,http://www.reddit.com/r/Superstonk/comments/mvaazx/be_prepared_for_amc_to_squeeze_before_gme_it_will/
13-04-21,708,DOMO coming through with the =% news again! Another juicy bit about GameStop!,Superstonk,http://www.reddit.com/r/Superstonk/comments/mqal6j/domo_coming_through_with_the_news_again_another/
12-04-21,878,(Treys Reaction) AMC IS NOW MORE SHORTED THAN GAMESTOP &amp; HAS A BIGGER SQUEEZE POTENTIAL! >/=<80>=<c8>,amcstock,http://www.reddit.com/r/amcstock/comments/mpmezm/treys_reaction_amc_is_now_more_shorted_than/
